2.14,2.43,2.45
2.14,2.33,2.45
2.13,2.31,2.45
2.17,2.31,2.45
2.39,2.27,2.45
2.14,2.31,2.45
2.14,2.30,2.45
2.14,2.33,2.45
2.39,2.26,2.45
2.14,2.31,2.45
2.14,2.33,2.45
2.17,2.43,2.45
2.39,2.29,2.45
2.16,2.32,2.45
2.39,2.43,2.45
2.39,2.27,2.45
2.14,2.32,2.45
2.14,2.43,2.45
2.22,2.30,2.45
2.40,2.27,2.45
2.40,2.43,2.45
2.40,2.28,2.45
2.22,2.31,2.45
2.14,2.31,2.45
2.39,2.44,2.45
2.14,2.31,2.45
2.14,2.32,2.45
2.15,2.32,2.45
2.15,2.32,2.45
2.39,2.29,2.45
2.15,2.33,2.45
2.15,2.33,2.45
2.15,2.31,2.45
2.39,2.30,2.45
2.39,2.28,2.45
2.14,2.34,2.45
2.14,2.33,2.45
2.39,2.29,2.45
2.14,2.34,2.45
2.14,2.33,2.45
2.39,2.28,2.45
2.39,2.28,2.45
2.17,2.30,2.45
2.14,2.32,2.45
2.39,2.29,2.45
2.17,2.43,2.45
2.15,2.43,2.45
2.39,2.27,2.45
2.17,2.32,2.45
2.18,2.33,2.45
2.15,2.33,2.45
2.17,2.33,2.45
2.17,2.44,2.45
2.17,2.32,2.45
2.14,2.32,2.45
2.14,2.33,2.45
2.14,2.31,2.45
2.39,2.43,2.45
2.14,2.32,2.45
2.39,2.30,2.45
2.14,2.32,2.45
2.15,2.32,2.45
2.14,2.43,2.45
2.18,2.43,2.45
2.14,2.33,2.45
2.14,2.33,2.45
2.39,2.30,2.45
2.17,2.43,2.45
2.39,2.28,2.45
2.17,2.43,2.45
2.39,2.28,2.45
2.17,2.32,2.45
2.14,2.33,2.45
2.17,2.44,2.45
2.14,2.31,2.45
2.14,2.44,2.45
2.39,2.30,2.45
2.39,2.28,2.45
2.14,2.32,2.45
2.15,2.32,2.45
2.15,2.32,2.45
2.17,2.43,2.45
2.39,2.29,2.45
2.39,2.29,2.45
2.17,2.31,2.45
2.15,2.31,2.45
2.17,2.33,2.45
2.17,2.31,2.45
2.39,2.30,2.45
2.14,2.32,2.45
2.39,2.44,2.45
2.14,2.44,2.442.14,2.31,2.45
2.39,2.27,2.45
2.17,2.30,2.45
2.39,2.29,2.44
2.14,2.31,2.45
2.39,2.30,2.45
2.14,2.31,2.45
2.14,2.30,2.45
2.39,2.26,2.45
2.14,2.33,2.45
2.14,2.43,2.44
2.17,2.43,2.45
2.14,2.43,2.45
2.17,2.30,2.45
2.14,2.42,2.45
2.14,2.32,2.45
2.14,2.31,2.45
2.17,2.43,2.45
2.14,2.32,2.45
2.15,2.32,2.45
2.39,2.27,2.45
2.14,2.33,2.45
2.14,2.32,2.45
2.14,2.43,2.45
2.14,2.31,2.45
2.15,2.43,2.45
2.14,2.32,2.45
2.15,2.44,2.45
2.15,2.31,2.46
2.14,2.43,2.45
2.17,2.31,2.45
2.39,2.43,2.45
2.15,2.31,2.45
2.14,2.43,2.45
2.39,2.28,2.45
2.17,2.30,2.45
2.14,2.31,2.45
2.14,2.33,2.45
2.17,2.43,2.45
2.17,2.43,2.45
2.14,2.43,2.45
2.14,2.43,2.45
2.39,2.44,2.45
2.14,2.31,2.45
2.39,2.44,2.45
2.14,2.31,2.45
2.14,2.32,2.45
2.17,2.29,2.45
2.39,2.28,2.45
2.14,2.43,2.45
2.14,2.31,2.45
2.17,2.33,2.45
2.15,2.43,2.45
2.39,2.43,2.45
2.39,2.28,2.45
2.39,2.28,2.45
2.14,2.32,2.45
2.17,2.30,2.45
2.14,2.32,2.45
2.15,2.32,2.45
2.39,2.28,2.45
2.39,2.28,2.45
2.17,2.31,2.45
2.14,2.32,2.45
2.15,2.33,2.45
2.17,2.32,2.45
2.16,2.43,2.45
2.17,2.43,2.45
2.39,2.28,2.45
2.39,2.28,2.45
2.16,2.43,2.45
2.16,2.32,2.45
2.16,2.32,2.45
2.16,2.43,2.45
2.16,2.31,2.46
2.40,2.44,2.45
2.16,2.31,2.44
2.40,2.44,2.45
2.15,2.32,2.45
2.15,2.31,2.43
2.18,2.31,2.44
2.16,2.43,2.45
2.16,2.30,2.45
2.15,2.31,2.45
2.15,2.30,2.45
2.16,2.31,2.45
2.16,2.33,2.45
2.16,2.32,2.45
2.16,2.31,2.45
2.18,2.30,2.45
2.14,2.43,2.45
2.14,2.43,2.45
2.14,2.33,2.45
2.16,2.32,2.45
2.17,2.32,2.45
2.17,2.31,2.45
2.16,2.32,2.45
2.16,2.32,2.45
2.14,2.34,2.45
2.14,2.30,2.45
2.39,2.43,2.45
2.14,2.31,2.45
2.39,2.28,2.45
2.14,2.33,2.45
2.14,2.30,2.45
2.39,2.43,2.45
2.14,2.31,2.45
2.16,2.44,2.45
2.14,2.33,2.45
2.17,2.43,2.45
2.14,2.32,2.45
2.14,2.43,2.45
2.39,2.29,2.45
2.17,2.31,2.45
2.39,2.27,2.45
2.14,2.33,2.45
2.39,2.27,2.45
2.39,2.27,2.45
2.39,2.44,2.45
2.17,2.32,2.45
2.39,2.28,2.45
2.15,2.32,2.45
2.14,2.30,2.45
2.39,2.44,2.45
2.39,2.30,2.45
2.14,2.30,2.45
2.39,2.43,2.45
2.14,2.43,2.45
2.14,2.31,2.45
2.17,2.30,2.45
2.14,2.43,2.45
2.14,2.30,2.45
2.39,2.43,2.45
2.14,2.31,2.45
2.39,2.29,2.45
2.39,2.29,2.45
2.39,2.29,2.45
2.14,2.43,2.45
2.39,2.27,2.45
2.39,2.44,2.45
2.14,2.32,2.45
2.14,2.32,2.45
2.16,2.29,2.45
2.39,2.27,2.45
2.39,2.44,2.45
2.14,2.43,2.45
2.14,2.32,2.45
2.39,2.44,2.45
2.15,2.33,2.45
2.17,2.43,2.45
2.14,2.43,2.45
2.14,2.32,2.45
2.17,2.32,2.45
2.17,2.43,2.45
2.14,2.31,2.45
2.14,2.33,2.45
2.39,2.28,2.45
2.14,2.43,2.45
2.39,2.30,2.45
2.14,2.43,2.45
2.14,2.43,2.45
2.39,2.28,2.45
2.18,2.32,2.45
2.14,2.33,2.45
2.39,2.27,2.45
2.14,2.32,2.45
2.39,2.26,2.45
2.39,2.30,2.45
2.39,2.43,2.45
2.14,2.31,2.45
2.14,2.43,2.45
2.39,2.28,2.45
2.17,2.31,2.45
2.14,2.31,2.45
2.39,2.43,2.45
2.17,2.35,2.45
2.17,2.31,2.45
2.14,2.32,2.45
2.14,2.43,2.45
2.15,2.43,2.45
2.15,2.32,2.45
2.14,2.32,2.45
2.14,2.33,2.45
2.17,2.32,2.45
2.39,2.26,2.45
2.39,2.28,2.45
2.14,2.31,2.45
2.39,2.26,2.45
2.14,2.33,2.45
2.16,2.34,2.45
2.39,2.29,2.45
2.39,2.27,2.45
2.14,2.30,2.45
2.16,2.31,2.45
2.14,2.34,2.45
2.39,2.27,2.45
2.17,2.43,2.45
2.14,2.32,2.45
2.14,2.32,2.45
2.39,2.44,2.45
2.14,2.34,2.44
2.15,2.32,2.45
2.39,2.30,2.45
2.39,2.28,2.45
2.39,2.30,2.45
2.14,2.43,2.45
2.14,2.32,2.45
2.14,2.31,2.45
2.14,2.32,2.45
2.15,2.32,2.45
2.15,2.43,2.45
2.15,2.43,2.45
2.17,2.31,2.45
2.14,2.34,2.45
2.39,2.44,2.45
2.39,2.44,2.45
2.14,2.32,2.45
2.39,2.27,2.45
2.14,2.32,2.45
2.39,2.43,2.45
2.14,2.31,2.45
2.15,2.44,2.45
2.17,2.30,2.45
2.39,2.26,2.45
2.14,2.43,2.45
2.14,2.31,2.45
2.17,2.43,2.45
2.14,2.32,2.45
2.14,2.43,2.45
2.14,2.43,2.45
2.14,2.32,2.45
2.14,2.31,2.45
2.14,2.43,2.45
2.39,2.44,2.45
2.16,2.31,2.45
2.17,2.33,2.45
2.39,2.44,2.45
2.15,2.31,2.45
2.14,2.30,2.45
2.17,2.43,2.45
2.17,2.33,2.45
2.39,2.26,2.45
2.39,2.27,2.45
2.14,2.33,2.45
2.14,2.31,2.45
2.14,2.31,2.45
2.14,2.32,2.45
2.15,2.43,2.45
2.17,2.32,2.45
2.15,2.31,2.45
2.14,2.30,2.45
2.17,2.32,2.45
2.15,2.43,2.45
2.15,2.32,2.45
2.39,2.26,2.45
2.15,2.30,2.45
2.14,2.32,2.45
2.17,2.30,2.45
2.16,2.31,2.45
2.14,2.31,2.45
2.39,2.43,2.45
2.39,2.30,2.45
2.16,2.43,2.45
2.39,2.30,2.45
2.17,2.29,2.45
2.14,2.31,2.45
2.14,2.31,2.45
2.14,2.30,2.45
2.14,2.32,2.45
2.14,2.32,2.45
2.14,2.33,2.45
2.39,2.28,2.45
2.14,2.30,2.45
2.14,2.43,2.45
2.14,2.33,2.45
2.14,2.43,2.45
2.17,2.43,2.45
2.14,2.32,2.45
2.17,2.33,2.45
2.14,2.32,2.45
2.39,2.29,2.45
2.14,2.31,2.45
2.14,2.31,2.45
2.39,2.28,2.45
2.14,2.34,2.45
2.16,2.34,2.45
2.39,2.44,2.45
2.14,2.30,2.45
2.14,2.32,2.45
2.14,2.32,2.45
2.17,2.43,2.45
2.17,2.31,2.45
2.14,2.34,2.45
2.17,2.43,2.45
2.14,2.33,2.45
2.15,2.31,2.45
2.39,2.43,2.45
